tabs_opened,ram_gb
30.853804,5.3164687
31.681128,5.3389673
1.9846228,1.0223789
6.5165544,1.6761967
13.138535,2.773402
36.608902,6.041924
22.494858,3.899545
5.9160056,1.1322217
20.622105,3.480885
5.354919,1.468297
16.227564,3.3878043
15.137986,2.7574747
37.3804,5.892251
26.539865,4.756051
17.099764,2.9884787
23.794111,4.17758
14.871022,2.7344794
28.161556,4.5102277
28.213495,4.5816464
25.736649,4.4804206
12.899349,2.223094
37.13644,5.9963617
17.684786,3.2210703
12.908325,2.7474425
32.713123,5.383513
36.393604,5.832939
39.905617,6.23275
26.277037,4.583272
13.85257,2.7895257
30.403894,5.0835013
37.230114,6.465643
1.3737345,1.0403401
18.084204,3.0162601
7.2016735,1.8054255
24.134016,4.1711802
28.564903,5.0736785
16.471537,3.2245452
18.868685,2.8932748
29.27716,4.9424453
17.222641,3.0783222
4.1243,1.4445598
36.10265,5.6062617
10.685368,2.0688853
18.35776,3.3047214
22.339365,4.032035
19.328112,3.0766237
2.1566234,0.4742243
29.4466,5.423768
11.642486,1.9918505
10.386138,1.9325725
25.158852,4.5480795
10.32369,1.9608154
11.487887,1.9593176
13.929476,2.948305
13.174287,2.4338827
12.35607,2.2082908
15.241126,2.7839503
25.567577,4.13608
4.72025,1.1481669
8.697035,1.6890173
20.784533,3.8462472
23.211828,3.8628342
31.269703,5.2977176
6.802343,1.7078904
26.72434,4.7527843
31.583601,5.224945
31.327574,5.428409
2.3372803,0.9616667
13.058718,2.358521
3.7384706,1.2310319
8.160177,1.4694855
31.361166,5.283041
17.588278,3.1770782
28.781872,4.7172832
9.053376,1.7479963
23.463219,4.0605106
8.705271,1.5732518
30.247894,5.2229795
11.971109,2.244876
15.610197,2.823994
3.5811894,1.0441738
20.564419,3.4879904
39.014862,6.107015
29.964874,4.6668186
10.095951,2.0603817
20.762249,3.5244102
18.361855,3.1727414
4.801053,1.4023688
35.789776,6.2797003
20.814354,3.5752087
24.606642,3.9218712
12.625335,2.3099575
11.375577,2.4370184
23.715347,4.627008
27.709362,4.507921
24.873812,4.305324
11.102072,2.2918892
39.432507,6.2050915
17.629515,3.0399349
8.557906,1.9287794
11.379603,2.024274
39.696205,6.8406034
20.500938,3.4258747
17.852987,3.1757195
12.384846,2.1908414
15.3881645,2.70979
4.076544,1.2430902
5.0036726,1.5162461
31.913145,5.121398
37.181263,6.133695
39.108856,6.2039576
6.422125,1.3356296
31.046833,5.2279253
8.430152,1.7083753
32.132923,5.271287
34.57031,6.1344833
35.590485,5.3832865
34.541,5.863986
32.698677,5.5883274
20.879541,3.7482638
29.459908,4.9255037
13.523467,2.4189255
28.990978,4.7499113
14.232662,2.607196
20.17257,3.5262995
3.5276124,0.86423427
15.401245,2.314943
10.245478,1.8995422
13.922244,2.6049778
8.047563,1.5226929
2.9608376,0.8698973
21.769772,4.1393785
33.155094,5.3433175
38.259613,6.258858
31.879307,5.0181904
10.392422,1.8584236
1.2143102,0.6876582
27.89662,5.084704
31.426123,5.1889973
3.759015,0.75223625
27.492428,4.811793
36.986805,5.982528
21.681242,3.642734
8.752052,1.7915024
36.487587,5.9019504
28.82681,4.720251
33.41292,5.4333906
7.312433,1.6266819
31.847939,5.225127
7.180064,1.4345083
39.79514,6.317713
12.237855,2.2145424
32.250057,5.597075
24.40471,4.226418
25.667704,4.379894
17.509577,3.3072786
28.50934,4.7684813
12.372948,2.4231956
2.1197042,0.6275623
13.00804,2.433901
35.779003,5.9736547
15.366241,2.6276143
26.62921,4.653656
13.290335,2.472161
35.12791,5.8998184
32.17056,5.1225157
27.383766,4.4457626
10.532347,1.9772139
4.565968,1.0770012
21.234163,3.7035549
9.060174,2.029809
36.53278,5.8526235
1.7609725,0.9760628
29.213932,4.975669
39.939823,6.7527957
30.266153,5.2978415
27.149086,4.6582236
1.7381406,1.1664929
39.256916,6.234859
17.164572,3.1366544
2.2790356,0.31748885
39.749676,6.4133167
12.564852,2.6137595
19.120422,3.7346241
38.34795,6.100879
6.9825864,1.8503517
6.7039456,1.1896635
23.671038,4.329178
17.889849,3.2481709
24.991665,4.286535
4.1452465,1.2524582
21.08318,3.7159224
11.827186,2.3912508
10.913628,1.8632915
2.6450806,1.1201323
30.839258,5.071323
24.256413,4.0662694
4.013857,1.2911857
35.974262,5.903672
26.381607,4.787692
24.118483,4.0820203
9.05084,1.6876599
23.44069,4.2494993
39.289032,6.3442693
33.87475,5.423948
5.312031,1.151864
38.300014,6.3195143
22.01144,3.9138005
29.87882,5.2828293
35.645187,5.619857
37.123928,5.9263525
5.2990713,1.1329453
37.575447,6.218803
7.256089,2.0013456
21.961838,3.728978
6.8741097,1.1849691
16.22495,2.828196
19.613867,3.346683
18.16711,3.1125607
17.41947,3.148102
22.037975,3.6816716
39.735165,6.592886
31.829725,5.0783615
31.409664,5.4059143
28.304825,4.610757
35.59653,5.7619424
19.600094,3.5299442
22.05049,3.602389
24.513042,4.514845
3.493455,0.99461865
4.7916408,1.2430979
22.890728,3.9011872
12.87062,2.7239032
20.14218,3.2997775
16.025553,2.7549572
23.535423,4.1020784
33.187004,5.4197073
14.032983,2.7162805
36.116783,6.042695
35.896454,6.079995
5.5337863,1.2156814
5.441589,1.2229117
4.7230396,1.2288091
9.813605,1.9481572
12.909113,2.716231
19.032246,3.3227003
15.757752,2.4207458
10.647654,1.8374974
14.304975,2.6666718
13.445982,2.451723
39.630245,6.5083213
13.2727375,2.426779
6.537982,1.5170882
28.606102,4.430752
19.37365,3.118251
35.428497,5.439085
32.684235,5.358251
38.41521,6.378664
6.2189894,1.0454679
33.035835,5.6109877
36.865154,5.7483892
10.870285,2.2117093
38.424007,6.6291995
35.11804,5.479395
20.713547,3.3071036
29.901974,4.877217
13.68238,2.8005548
3.492416,0.735541
25.42921,4.0656805
26.313442,4.201668
7.7556,1.6334093
29.957493,4.745124
3.8426583,0.90828335
37.28217,5.8834214
39.383614,6.5184965
25.809038,4.133694
8.265139,1.6314487
29.99009,5.02005
23.823107,3.8825536
25.802416,4.3139052
26.908741,4.580311
35.34643,5.8669467
12.118199,2.5815315
16.113571,2.7998137
25.817766,4.4114237
22.62474,4.287348
36.224365,5.7855825
10.257849,1.8653624
19.789875,3.4072025
24.143637,4.0143585
15.321014,2.7266505
33.793476,5.279593
22.63294,3.5902338
2.4775155,0.7084514
18.387451,3.485573
11.655641,2.2921982
22.394838,3.941899
18.23379,3.236299
1.1572835,0.5601367
16.946606,3.0620008
